{
  "bitcoin": [
    {
      "error": null,
      "id": 1,
      "result": {
        "bestblockhash": "000000000505975c1a91cb553dd896e15f6ae8e110366fd1024efac9fa3bfa30",
        "bip9_softforks": {
          "csv": {
            "since": 770112,
            "startTime": 1456790400,
            "status": "active",
            "timeout": 1493596800
          },
          "segwit": {
            "since": 834624,
            "startTime": 1462060800,
            "status": "active",
            "timeout": 1493596800
          }
        },
        "blocks": 1210950,
        "chain": "test",
        "chainwork": "0000000000000000000000000000000000000000000000318e744f1a22f5d028",
        "difficulty": 1,
        "headers": 1210950,
        "mediantime": 1508846329,
        "pruned": false,
        "softforks": [
          {
            "id": "bip34",
            "reject": {
              "status": true
            },
            "version": 2
          },
          {
            "id": "bip66",
            "reject": {
              "status": true
            },
            "version": 3
          },
          {
            "id": "bip65",
            "reject": {
              "status": true
            },
            "version": 4
          }
        ],
        "verificationprogress": 0.9999955420699167
      }
    }
  ],
  "dash": [
    {
      "error": null,
      "id": 1,
      "result": {
        "bestblockhash": "00000000040d4b4a87bf0fefe222d053fe9eb3311c08dbdefe0c57cb3c1b2f74",
        "bip9_softforks": [
          {
            "id": "csv",
            "status": "active"
          }
        ],
        "blocks": 271525,
        "chain": "test",
        "chainwork": "000000000000000000000000000000000000000000000000000adf3730befaea",
        "difficulty": 28.0230639201983,
        "headers": 274991,
        "mediantime": 1506029941,
        "pruned": false,
        "softforks": [
          {
            "enforce": {
              "found": 100,
              "required": 51,
              "status": true,
              "window": 100
            },
            "id": "bip34",
            "reject": {
              "found": 100,
              "required": 75,
              "status": true,
              "window": 100
            },
            "version": 2
          },
          {
            "enforce": {
              "found": 100,
              "required": 51,
              "status": true,
              "window": 100
            },
            "id": "bip66",
            "reject": {
              "found": 100,
              "required": 75,
              "status": true,
              "window": 100
            },
            "version": 3
          },
          {
            "enforce": {
              "found": 100,
              "required": 51,
              "status": true,
              "window": 100
            },
            "id": "bip65",
            "reject": {
              "found": 100,
              "required": 75,
              "status": true,
              "window": 100
            },
            "version": 4
          }
        ],
        "verificationprogress": 0.9812420601455476
      }
    }
  ],
  "litecoin": [
    {
      "error": null,
      "id": 1,
      "result": {
        "bestblockhash": "05e573bd49e14c41a4d7eedfdd5f5268a27443c3237750eb479ecd3a1c12da9b",
        "bip9_softforks": {
          "csv": {
            "since": 6048,
            "startTime": 1483228800,
            "status": "active",
            "timeout": 1517356801
          },
          "segwit": {
            "since": 6048,
            "startTime": 1483228800,
            "status": "active",
            "timeout": 1517356801
          }
        },
        "blocks": 248434,
        "chain": "test",
        "chainwork": "00000000000000000000000000000000000000000000000000026b87a7d4983c",
        "difficulty": 0.0002441371325370145,
        "headers": 248434,
        "mediantime": 1509369027,
        "pruned": false,
        "softforks": [
          {
            "id": "bip34",
            "reject": {
              "status": true
            },
            "version": 2
          },
          {
            "id": "bip66",
            "reject": {
              "status": true
            },
            "version": 3
          },
          {
            "id": "bip65",
            "reject": {
              "status": true
            },
            "version": 4
          }
        ],
        "verificationprogress": 0.9999963620164513
      }
    }
  ]
}